source	target	depth
physics	lists of physics equations	1
physics	relationship between mathematics and physics	1
physics	earth science	1
physics	neurophysics	1
physics	psychophysics	1
physics	science tourism	1
science tourism	birdwatching	2
science tourism	geotourism	2
science tourism	carl linnaeus tourism	2
science tourism	industrial britain	2
science tourism	industrialization of the united states	2
science tourism	american industry tour	2
science tourism	museums	2
science tourism	aurora	2
science tourism	nuclear tourism	2
science tourism	paleontology	2
science tourism	science fiction and fantasy tourism	2
science tourism	:simple:science tourism	2
science tourism	solar eclipses	2
science tourism	space	2
science tourism	volcanoes	2
science tourism	urban exploration	2
psychophysics	medical physics	2
psychophysics	neurophysics	2
psychophysics	behavioral neuroscience	2
psychophysics	psychoacoustics	2
psychophysics	physiological psychology	2
psychophysics	vision science	2
neurophysics	action potential	2
neurophysics	brain	2
neurophysics	biophysics	2
neurophysics	electrical engineering	2
neurophysics	electrophysiology	2
neurophysics	molecular neuroscience	2
neurophysics	neural engineering	2
neurophysics	neuroimaging	2
neurophysics	neurophysiology	2
neurophysics	neuroscience	2
neurophysics	psychophysics	2
neurophysics	quantum mind	2
neurophysics	soliton model in neuroscience	2
soliton model in neuroscience	biological neuron models	3
soliton model in neuroscience	hodgkin–huxley model	3
soliton model in neuroscience	vector soliton	3
quantum mind	artificial consciousness	3
quantum mind	bohm interpretation	3
quantum mind	coincidence detection in neurobiology	3
quantum mind	electromagnetic theories of consciousness	3
quantum mind	evolutionary neuroscience	3
quantum mind	many-minds interpretation	3
quantum mind	orch-or	3
quantum mind	hard problem of consciousness	3
quantum mind	holonomic brain theory	3
quantum mind	mechanism (philosophy)	3
quantum mind	quantum cognition	3
quantum mind	quantum neural network	3
neuroscience	neuroplasticity	3
neuroscience	noogenesis	3
neuroscience	gut–brain axis	3
neuroscience	connectomics	3
neuroscience	affect (psychology)	3
neurophysiology	brain	3
neurophysiology	neuroscience	3
neurophysiology	neural coding	3
neurophysiology	neurology	3
neuroimaging	wp:seealso	3
neuroimaging	brain mapping	3
neuroimaging	connectogram	3
neuroimaging	functional integration (neurobiology)	3
neuroimaging	functional near-infrared spectroscopy	3
neuroimaging	functional neuroimaging	3
neuroimaging	history of neuroimaging	3
neuroimaging	human brain	3
neuroimaging	cognitive neuroscience	3
neuroimaging	magnetic resonance imaging	3
neuroimaging	magnetoencephalography	3
neuroimaging	medical image computing	3
neuroimaging	medical imaging	3
neuroimaging	statistical parametric mapping	3
neuroimaging	transcranial magnetic stimulation	3
neuroimaging	voxel-based morphometry	3
neural engineering	brain–computer interface	3
neural engineering	brain-reading	3
neural engineering	cybernetics	3
neural engineering	cyberware	3
neural engineering	neuroprosthetics	3
neural engineering	neurosecurity	3
neural engineering	sensory substitution	3
neural engineering	simulated reality	3
neural engineering	prosthetic neuronal memory silicon chips	3
electrophysiology	automated patch clamp	3
electrophysiology	bioelectrochemistry	3
electrophysiology	bioelectromagnetics	3
electrophysiology	cardiac electrophysiology	3
electrophysiology	clinical cardiac electrophysiology	3
electrophysiology	clinical electrophysiology	3
electrophysiology	clinical neurophysiology	3
electrophysiology	electrophysiology study	3
electrophysiology	hille equation	3
electrophysiology	multiscale electrophysiology format	3
electrophysiology	neurophysiology	3
electrophysiology	slice preparation	3
electrophysiology	transcutaneous electrical nerve stimulation	3
electrical engineering	barnacle (slang)	3
electrical engineering	electrical technologist	3
electrical engineering	electronic design automation	3
electrical engineering	glossary of electrical and electronics engineering	3
electrical engineering	information engineering (field)	3
electrical engineering	international electrotechnical commission	3
electrical engineering	occupations in electrical/electronics engineering	3
electrical engineering	timeline of electrical and electronic engineering	3
biophysics	biophysical society	3
biophysics	biophysical chemistry	3
biophysics	european biophysical societies' association	3
biophysics	medical biophysics	3
biophysics	membrane biophysics	3
biophysics	molecular biophysics	3
biophysics	neurophysics	3
biophysics	physiomics	3
biophysics	virophysics	3
biophysics	single-particle trajectory	3
brain	brain–computer interface	3
brain	central nervous system disease	3
brain	neurological disorder	3
brain	optogenetics	3
action potential	anode break excitation	3
action potential	bioelectricity	3
action potential	biological neuron model	3
action potential	bursting	3
action potential	central pattern generator	3
action potential	chronaxie	3
action potential	frog battery	3
action potential	neural accommodation	3
action potential	single-unit recording	3
action potential	soliton model in neuroscience	3
vision science	brain	3
vision science	color constancy	3
vision science	color vision	3
vision science	computer vision	3
vision science	eye	3
vision science	linguistic relativity and the color naming debate	3
vision science	neuropsychology	3
vision science	neuroscience	3
vision science	ophthalmology	3
vision science	optical illusion	3
vision science	optometry	3
vision science	primary colors	3
vision science	psychophysics	3
vision science	visual cortex	3
vision science	visual neuroscience	3
vision science	visual system	3
physiological psychology	cognitive neuroscience	3
physiological psychology	psychophysics	3
physiological psychology	psychophysiology	3
psychoacoustics	cognitive neuroscience of music	3
psychoacoustics	music psychology	3
psychoacoustics	a-weighting	3
psychoacoustics	transfer function	3
psychoacoustics	abx test	3
psychoacoustics	auditory illusion	3
psychoacoustics	auditory scene analysis	3
psychoacoustics	binaural beats	3
psychoacoustics	blind signal separation	3
psychoacoustics	combination tone	3
psychoacoustics	scale illusion	3
psychoacoustics	equivalent rectangular bandwidth	3
psychoacoustics	franssen effect	3
psychoacoustics	glissando illusion	3
psychoacoustics	haas effect	3
psychoacoustics	hypersonic effect	3
psychoacoustics	language processing	3
psychoacoustics	levitin effect	3
psychoacoustics	misophonia	3
psychoacoustics	musical tuning	3
psychoacoustics	noise health effects	3
psychoacoustics	octave illusion	3
psychoacoustics	pitch (music)	3
psychoacoustics	precedence effect	3
psychoacoustics	psycholinguistics	3
psychoacoustics	rate-distortion theory	3
psychoacoustics	sound localization	3
psychoacoustics	sound of fingernails scraping chalkboard	3
psychoacoustics	sound masking	3
psychoacoustics	speech recognition	3
psychoacoustics	timbre	3
psychoacoustics	tritone paradox	3
behavioral neuroscience	affective neuroscience	3
behavioral neuroscience	behavioral genetics	3
behavioral neuroscience	biological psychiatry	3
behavioral neuroscience	biology	3
behavioral neuroscience	biosemiotics	3
behavioral neuroscience	cognitive neuroscience	3
behavioral neuroscience	developmental psychobiology	3
behavioral neuroscience	epigenetics in psychology	3
behavioral neuroscience	evolutionary psychology	3
behavioral neuroscience	models of abnormality	3
behavioral neuroscience	neurobiology	3
behavioral neuroscience	neuroethology	3
behavioral neuroscience	physical anthropology	3
behavioral neuroscience	psychoneuroimmunology	3
behavioral neuroscience	psychopharmacology	3
behavioral neuroscience	psychophysics	3
behavioral neuroscience	social neuroscience	3
behavioral neuroscience	neuroscience	3
urban exploration	24 hour fort challenge	3
urban exploration	dead malls	3
urban exploration	exploration	3
urban exploration	jane's walk	3
urban exploration	miru kim	3
urban exploration	modern ruins	3
urban exploration	monu – magazine on urbanism	3
urban exploration	roof and tunnel hacking	3
urban exploration	ruins photography	3
urban exploration	unfinished building	3
space	absolute space and time	3
space	aether theories	3
space	cosmology	3
space	general relativity	3
space	philosophy of space and time	3
space	proxemics	3
space	shape of the universe	3
space	social space	3
space	space exploration	3
space	spatial analysis	3
space	spatial–temporal reasoning	3
solar eclipses	lists of solar eclipses	3
solar eclipses	eclipse chasing	3
solar eclipses	lunar eclipse	3
solar eclipses	occultation	3
solar eclipses	solar eclipses in fiction	3
solar eclipses	solar eclipses on the moon	3
solar eclipses	transit of deimos from mars	3
solar eclipses	transit of phobos from mars	3
modern physics	history of physics	1
modern physics	classical physics	1
modern physics	quantum mechanics	1
modern physics	theory of relativity	1
modern physics	quantum field theory	1
modern physics	unified field theory	1
modern physics	nuclear fission	1
classical physics	glossary of classical physics	1
classical physics	semiclassical physics	1
quantum field theory	abraham–lorentz force	2
quantum field theory	ads/cft correspondence	2
quantum field theory	axiomatic quantum field theory	2
quantum field theory	introduction to quantum mechanics	2
quantum field theory	common integrals in quantum field theory	2
quantum field theory	conformal field theory	2
quantum field theory	constructive quantum field theory	2
quantum field theory	form factor (quantum field theory)	2
quantum field theory	green–kubo relations	2
quantum field theory	green's function (many-body theory)	2
quantum field theory	group field theory	2
quantum field theory	lattice field theory	2
quantum field theory	local quantum field theory	2
quantum field theory	noncommutative quantum field theory	2
quantum field theory	quantization (physics)	2
quantum field theory	field (physics)	2
quantum field theory	quantum electrodynamics	2
quantum field theory	quantum field theory in curved spacetime	2
quantum field theory	quantum chromodynamics	2
quantum field theory	quantum flavordynamics	2
quantum field theory	quantum hadrodynamics	2
quantum field theory	quantum hydrodynamics	2
quantum field theory	quantum triviality	2
quantum field theory	relation between schrödinger's equation and the path integral formulation of quantum mechanics	2
quantum field theory	relationship between string theory and quantum field theory	2
quantum field theory	schwinger–dyson equation	2
quantum field theory	static forces and virtual-particle exchange	2
quantum field theory	symmetry in quantum mechanics	2
quantum field theory	theoretical and experimental justification for the schrödinger equation	2
quantum field theory	topological quantum field theory	2
quantum field theory	ward–takahashi identity	2
quantum field theory	wheeler–feynman absorber theory	2
quantum field theory	wigner's classification	2
quantum field theory	wigner's theorem	2
semiclassical physics	bohr model	2
semiclassical physics	correspondence principle	2
semiclassical physics	classical limit	2
semiclassical physics	eikonal approximation	2
semiclassical physics	einstein–brillouin–keller method	2
semiclassical physics	old quantum theory	2
nuclear fission	cold fission	2
nuclear fission	fissile material	2
nuclear fission	nuclear fusion–fission hybrid	2
nuclear fission	nuclear fusion	2
nuclear fission	nuclear propulsion	2
nuclear fission	photofission	2
unified field theory	sheldon glashow	2
glossary of classical physics	glossary of areas of mathematics	2
glossary of classical physics	glossary of astronomy	2
glossary of classical physics	glossary of biology	2
glossary of classical physics	glossary of calculus	2
glossary of classical physics	glossary of chemistry terms	2
glossary of classical physics	glossary of engineering	2
glossary of classical physics	glossary of probability and statistics	2
wigner's theorem	particle physics and representation theory	3
nuclear propulsion	safe affordable fission engine	3
nuclear propulsion	electrically powered spacecraft propulsion	3
glossary of probability and statistics	notation in probability and statistics	3
glossary of probability and statistics	probability axioms	3
glossary of probability and statistics	glossary of experimental design	3
glossary of probability and statistics	glossary of areas of mathematics	3
glossary of probability and statistics	glossary of calculus	3
glossary of engineering	engineering	3
glossary of engineering	national council of examiners for engineering and surveying	3
glossary of engineering	fundamentals of engineering examination	3
glossary of engineering	principles and practice of engineering examination	3
glossary of engineering	graduate aptitude test in engineering	3
glossary of engineering	glossary of aerospace engineering	3
glossary of engineering	glossary of civil engineering	3
glossary of engineering	glossary of electrical and electronics engineering	3
glossary of engineering	glossary of mechanical engineering	3
glossary of engineering	glossary of structural engineering	3
glossary of engineering	glossary of architecture	3
glossary of engineering	glossary of areas of mathematics	3
glossary of engineering	glossary of artificial intelligence	3
glossary of engineering	glossary of astronomy	3
glossary of engineering	glossary of biology	3
glossary of engineering	glossary of calculus	3
glossary of engineering	glossary of chemistry terms	3
glossary of engineering	glossary of ecology	3
glossary of engineering	glossary of economics	3
glossary of engineering	glossary of physics	3
glossary of engineering	glossary of probability and statistics	3
glossary of areas of mathematics	areas of mathematics	3
glossary of areas of mathematics	lists of mathematics topics	3
glossary of areas of mathematics	glossary of astronomy	3
glossary of areas of mathematics	glossary of biology	3
glossary of areas of mathematics	glossary of calculus	3
glossary of areas of mathematics	glossary of chemistry terms	3
glossary of areas of mathematics	glossary of engineering	3
glossary of areas of mathematics	glossary of physics	3
glossary of areas of mathematics	glossary of probability and statistics	3
glossary of chemistry terms	glossary of areas of mathematics	3
glossary of chemistry terms	glossary of biology	3
glossary of chemistry terms	glossary of engineering	3
glossary of chemistry terms	glossary of physics	3
glossary of calculus	calculus	3
glossary of calculus	glossary of areas of mathematics	3
glossary of calculus	glossary of astronomy	3
glossary of calculus	glossary of biology	3
glossary of calculus	glossary of botanical terms	3
glossary of calculus	glossary of chemistry terms	3
glossary of calculus	glossary of ecology	3
glossary of calculus	glossary of engineering	3
glossary of calculus	glossary of physics	3
glossary of calculus	glossary of probability and statistics	3
sheldon glashow	neutral current	3
sheldon glashow	tadpole (physics)	3
sheldon glashow	weak hypercharge	3
glossary of astronomy	modern constellations	3
nuclear fusion	china fusion engineering test reactor	3
nuclear fusion	cold fusion	3
nuclear fusion	focus fusion	3
nuclear fusion	fusenet	3
nuclear fusion	fusion rocket	3
nuclear fusion	impulse generator	3
nuclear fusion	joint european torus	3
nuclear fusion	neutron source	3
nuclear fusion	nuclear power	3
nuclear fusion	nuclear fusion–fission hybrid	3
nuclear fusion	nuclear physics	3
nuclear fusion	nuclear reactor	3
nuclear fusion	nucleosynthesis	3
nuclear fusion	periodic table	3
nuclear fusion	pulsed power	3
nuclear fusion	teller–ulam design	3
nuclear fusion	thermonuclear fusion	3
nuclear fusion	timeline of nuclear fusion	3
nuclear fusion	triple-alpha process	3
fissile material	fertile material	3
fissile material	fission product	3
fissile material	special nuclear material	3
nuclear fusion–fission hybrid	subcritical reactor	3
nuclear fusion–fission hybrid	spallation	3
nuclear fusion–fission hybrid	muon-catalyzed fusion	3
nuclear fusion–fission hybrid	breeder reactor	3
nuclear fusion–fission hybrid	generation iv reactor	3
nuclear fusion–fission hybrid	traveling wave reactor	3
nuclear fusion–fission hybrid	liquid fluoride thorium reactor	3
nuclear fusion–fission hybrid	integral fast reactor	3
nuclear fusion–fission hybrid	aneutronic fusion	3
nuclear fusion–fission hybrid	project pacer	3
nuclear fusion–fission hybrid	cold fusion	3
nuclear fusion–fission hybrid	colex process (isotopic separation)	3
cold fission	cold fusion	3
correspondence principle	quantum decoherence	3
correspondence principle	classical limit	3
correspondence principle	classical probability density	3
correspondence principle	leggett–garg inequality	3
einstein–brillouin–keller method	hamilton–jacobi equation	3
einstein–brillouin–keller method	wkb approximation	3
einstein–brillouin–keller method	quantum chaos	3
classical limit	classical probability density	3
classical limit	ehrenfest theorem	3
classical limit	fresnel integral	3
classical limit	mathematical formulation of quantum mechanics	3
classical limit	quantum chaos	3
classical limit	quantum decoherence	3
classical limit	quantum limit	3
classical limit	quantum realm	3
classical limit	semiclassical physics	3
classical limit	wigner–weyl transform	3
classical limit	wkb approximation	3
eikonal approximation	eikonal equation	3
eikonal approximation	correspondence principle	3
eikonal approximation	principle of least action	3
bohr model	1913 in science	3
bohr model	balmer's constant	3
bohr model	franck–hertz experiment	3
bohr model	free-fall atomic model	3
bohr model	inert pair effect	3
bohr model	introduction to quantum mechanics	3
bohr model	theoretical and experimental justification for the schrödinger equation	3
wheeler–feynman absorber theory	causality	3
wheeler–feynman absorber theory	symmetry in physics	3
wheeler–feynman absorber theory	t-symmetry	3
wheeler–feynman absorber theory	transactional interpretation	3
wheeler–feynman absorber theory	abraham–lorentz force	3
wheeler–feynman absorber theory	retrocausality	3
wheeler–feynman absorber theory	two-state vector formalism	3
wheeler–feynman absorber theory	paradox of a charge in a gravitational field	3
wigner's classification	induced representation	3
wigner's classification	representation theory of the diffeomorphism group	3
wigner's classification	representation theory of the galilean group	3
wigner's classification	representation theory of the poincaré group	3
wigner's classification	system of imprimitivity	3
wigner's classification	pauli–lubanski pseudovector	3
topological quantum field theory	quantum topology	3
topological quantum field theory	topological defect	3
topological quantum field theory	topological entropy in physics	3
topological quantum field theory	topological order	3
topological quantum field theory	topological quantum number	3
topological quantum field theory	topological quantum computer	3
topological quantum field theory	topological string theory	3
topological quantum field theory	arithmetic topology	3
topological quantum field theory	cobordism hypothesis	3
theoretical and experimental justification for the schrödinger equation	basic concepts of quantum mechanics	3
theoretical and experimental justification for the schrödinger equation	angular frequency	3
theoretical and experimental justification for the schrödinger equation	dirac equation	3
theoretical and experimental justification for the schrödinger equation	path integral formulation	3
theoretical and experimental justification for the schrödinger equation	photoelectric effect	3
theoretical and experimental justification for the schrödinger equation	photon polarization	3
theoretical and experimental justification for the schrödinger equation	quantum electrodynamics	3
theoretical and experimental justification for the schrödinger equation	relation between schrödinger's equation and the path integral formulation of quantum mechanics	3
theoretical and experimental justification for the schrödinger equation	stern–gerlach experiment	3
theoretical and experimental justification for the schrödinger equation	wave-particle duality	3
symmetry in quantum mechanics	symmetric group	3
symmetry in quantum mechanics	spin-statistics theorem	3
symmetry in quantum mechanics	projective representation	3
symmetry in quantum mechanics	casimir operator	3
symmetry in quantum mechanics	pauli–lubanski pseudovector	3
symmetry in quantum mechanics	symmetries in general relativity	3
symmetry in quantum mechanics	renormalization group	3
symmetry in quantum mechanics	center of mass (relativistic)	3
symmetry in quantum mechanics	representation of a lie group	3
symmetry in quantum mechanics	representation theory of the poincaré group	3
symmetry in quantum mechanics	representation theory of the lorentz group	3
schwinger–dyson equation	functional renormalization group	3
schwinger–dyson equation	dyson equation	3
schwinger–dyson equation	path integral formulation	3
quantum triviality	hierarchy problem	3
quantum hydrodynamics	hydrodynamic quantum analogs	3
quantum hadrodynamics	atomic nucleus	3
quantum hadrodynamics	hadron	3
quantum hadrodynamics	nuclear force	3
quantum hadrodynamics	quantum chromodynamics	3
quantum hadrodynamics	strong interaction	3
quantum hadrodynamics	quantum electrodynamics	3
quantum hadrodynamics	electromagnetism	3
quantum hadrodynamics	quantum flavordynamics	3
quantum hadrodynamics	weak interaction	3
quantum flavordynamics	weakless universe	3
quantum flavordynamics	anthropic principle	3
quantum flavordynamics	gravity	3
quantum flavordynamics	strong interaction	3
quantum flavordynamics	electromagnetism	3
quantum chromodynamics	standard model	3
quantum chromodynamics	standard model (basic details)	3
quantum chromodynamics	strong interaction	3
quantum chromodynamics	quark	3
quantum chromodynamics	gluon	3
quantum chromodynamics	hadron	3
quantum chromodynamics	colour confinement	3
quantum chromodynamics	qcd matter	3
quantum chromodynamics	quark–gluon plasma	3
quantum chromodynamics	gauge theory	3
quantum chromodynamics	quantum gauge theory	3
quantum chromodynamics	brst quantization	3
quantum chromodynamics	faddeev–popov ghost	3
quantum chromodynamics	quantum field theory	3
quantum chromodynamics	lattice qcd	3
quantum chromodynamics	1/n expansion	3
quantum chromodynamics	perturbative qcd	3
quantum chromodynamics	soft-collinear effective theory	3
quantum chromodynamics	heavy quark effective theory	3
quantum chromodynamics	chiral model	3
quantum chromodynamics	nambu–jona-lasinio model	3
quantum chromodynamics	deep inelastic scattering	3
quantum chromodynamics	jet (particle physics)	3
quantum chromodynamics	quantum electrodynamics	3
quantum chromodynamics	symmetry in quantum mechanics	3
quantum chromodynamics	yang–mills theory	3
quantum chromodynamics	yang–mills existence and mass gap	3
quantum electrodynamics	abraham–lorentz force	3
quantum electrodynamics	anomalous magnetic moment	3
quantum electrodynamics	bhabha scattering	3
quantum electrodynamics	cavity quantum electrodynamics	3
quantum electrodynamics	circuit quantum electrodynamics	3
quantum electrodynamics	compton scattering	3
quantum electrodynamics	euler–heisenberg lagrangian	3
quantum electrodynamics	gupta–bleuler formalism	3
quantum electrodynamics	lamb shift	3
quantum electrodynamics	landau pole	3
quantum electrodynamics	moeller scattering	3
quantum electrodynamics	non-relativistic quantum electrodynamics	3
quantum electrodynamics	photon polarization	3
quantum electrodynamics	positronium	3
quantum electrodynamics	precision tests of qed	3
quantum electrodynamics	qed vacuum	3
quantum electrodynamics	qed: the strange theory of light and matter	3
quantum electrodynamics	quantization of the electromagnetic field	3
quantum electrodynamics	scalar electrodynamics	3
quantum electrodynamics	schrödinger equation	3
quantum electrodynamics	schwinger model	3
quantum electrodynamics	schwinger–dyson equation	3
quantum electrodynamics	vacuum polarization	3
quantum electrodynamics	vertex function	3
quantum electrodynamics	wheeler–feynman absorber theory	3
quantum field theory in curved spacetime	general relativity	3
quantum field theory in curved spacetime	history of quantum field theory	3
quantum field theory in curved spacetime	local quantum field theory	3
quantum field theory in curved spacetime	statistical field theory	3
quantum field theory in curved spacetime	topological quantum field theory	3
quantum field theory in curved spacetime	quantum geometry	3
quantum field theory in curved spacetime	quantum spacetime	3
field (physics)	conformal field theory	3
field (physics)	covariant hamiltonian field theory	3
field (physics)	field strength	3
field (physics)	history of the philosophy of field theory	3
field (physics)	lagrangian and eulerian specification of the flow field	3
field (physics)	scalar field theory	3
field (physics)	velocity field	3
noncommutative quantum field theory	moyal product	3
noncommutative quantum field theory	noncommutative geometry	3
noncommutative quantum field theory	noncommutative standard model	3
noncommutative quantum field theory	wigner–weyl transform	3
quantization (physics)	first quantization	3
quantization (physics)	feynman path integral	3
quantization (physics)	light front quantization	3
quantization (physics)	photon polarization	3
quantization (physics)	quantum hall effect	3
quantization (physics)	quantum number	3
group field theory	shape dynamics	3
group field theory	causal sets	3
group field theory	fractal cosmology	3
group field theory	loop quantum gravity	3
group field theory	planck scale	3
group field theory	quantum gravity	3
group field theory	regge calculus	3
group field theory	simplex	3
group field theory	simplicial manifold	3
group field theory	spin foam	3
green's function (many-body theory)	fluctuation theorem	3
green's function (many-body theory)	green–kubo relations	3
green's function (many-body theory)	linear response function	3
green's function (many-body theory)	lindblad equation	3
green's function (many-body theory)	propagator	3
green's function (many-body theory)	correlation function (quantum field theory)	3
green's function (many-body theory)	numerical analytic continuation	3
green–kubo relations	density matrix	3
green–kubo relations	fluctuation theorem	3
green–kubo relations	green's function (many-body theory)	3
green–kubo relations	lindblad equation	3
green–kubo relations	linear response function	3
form factor (quantum field theory)	structure function	3
form factor (quantum field theory)	quantum field theory	3
form factor (quantum field theory)	standard model	3
form factor (quantum field theory)	quantum mechanics	3
form factor (quantum field theory)	special relativity	3
form factor (quantum field theory)	photon structure function	3
form factor (quantum field theory)	electric form factor	3
form factor (quantum field theory)	magnetic form factor	3
form factor (quantum field theory)	charge radius	3
conformal field theory	logarithmic conformal field theory	3
conformal field theory	ads/cft correspondence	3
conformal field theory	operator product expansion	3
conformal field theory	critical point (physics)	3
conformal field theory	boundary conformal field theory	3
conformal field theory	primary field	3
conformal field theory	superconformal algebra	3
conformal field theory	conformal algebra	3
conformal field theory	conformal bootstrap	3
conformal field theory	history of conformal field theory	3
introduction to quantum mechanics	einstein's thought experiments	3
introduction to quantum mechanics	macroscopic quantum phenomena	3
introduction to quantum mechanics	philosophy of physics	3
introduction to quantum mechanics	quantum computing	3
introduction to quantum mechanics	virtual particle	3
common integrals in quantum field theory	relation between schrödinger's equation and the path integral formulation of quantum mechanics	3
axiomatic quantum field theory	dirac–von neumann axioms	3
ads/cft correspondence	algebraic holography	3
ads/cft correspondence	ambient construction	3
ads/cft correspondence	randall–sundrum model	3
aurora	airglow	3
aurora	aurora (heraldry)	3
aurora	heliophysics	3
aurora	paschen's law	3
aurora	space tornado	3
aurora	space weather	3
museums	audio tour	3
museums	cell phone tour	3
museums	computer interchange of museum information	3
museums	exhibition history	3
museums	ennigaldi-nanna's museum	3
museums	international council of museums	3
museums	international museum day	3
museums	.museum	3
museums	museum education	3
museums	museum fatigue	3
museums	museum label	3
museums	museum shop	3
museums	collective memory	3
museums	science tourism	3
museums	virtual library museums pages	3
geotourism	geoheritage	3
geotourism	geopark	3
geotourism	global geoparks network	3
theory of relativity	doubly special relativity	2
theory of relativity	galilean invariance	2
theory of relativity	general relativity	2
theory of relativity	special relativity	2
history of physics	history of optics	2
history of physics	history of electrical engineering	2
history of physics	history of electromagnetism	2
history of physics	history of measurement	2
history of physics	nobel prize in physics	2
history of physics	timeline of fundamental physics discoveries	2
abraham–lorentz force	lorentz force	3
abraham–lorentz force	cyclotron radiation	3
abraham–lorentz force	synchrotron radiation	3
abraham–lorentz force	electromagnetic mass	3
abraham–lorentz force	radiation resistance	3
abraham–lorentz force	radiation damping	3
abraham–lorentz force	wheeler–feynman absorber theory	3
abraham–lorentz force	magnetic radiation reaction force	3
general relativity	alcubierre drive	3
general relativity	alternatives to general relativity	3
general relativity	center of mass (relativistic)	3
general relativity	contributors to general relativity	3
general relativity	derivations of the lorentz transformations	3
general relativity	ehrenfest paradox	3
general relativity	einstein–hilbert action	3
general relativity	einstein's thought experiments	3
general relativity	general relativity priority dispute	3
general relativity	introduction to the mathematics of&nbsp;general relativity	3
general relativity	nordström's theory of gravitation	3
general relativity	ricci calculus	3
general relativity	tests of general relativity	3
general relativity	timeline of gravitational physics and relativity	3
general relativity	two-body problem in general relativity	3
general relativity	weak gravity conjecture	3
special relativity	hendrik lorentz	3
special relativity	henri poincaré	3
special relativity	albert einstein	3
special relativity	max planck	3
special relativity	hermann minkowski	3
special relativity	max von laue	3
special relativity	arnold sommerfeld	3
special relativity	max born	3
special relativity	gustav herglotz	3
special relativity	richard c. tolman	3
special relativity	theory of relativity	3
special relativity	history of special relativity	3
special relativity	principle of relativity	3
special relativity	doubly special relativity	3
special relativity	general relativity	3
special relativity	frame of reference	3
special relativity	inertial frame of reference	3
special relativity	lorentz transformations	3
special relativity	bondi k-calculus	3
special relativity	einstein synchronisation	3
special relativity	rietdijk–putnam argument	3
special relativity	special relativity (alternative formulations)	3
special relativity	criticism of relativity theory	3
special relativity	relativity priority dispute	3
special relativity	einstein's thought experiments	3
special relativity	newtonian mechanics	3
special relativity	spacetime	3
special relativity	speed of light	3
special relativity	relativity of simultaneity	3
special relativity	center of mass (relativistic)	3
special relativity	physical cosmology	3
special relativity	doppler effect	3
special relativity	relativistic euler equations	3
special relativity	aether drag hypothesis	3
special relativity	lorentz ether theory	3
special relativity	moving magnet and conductor problem	3
special relativity	shape waves	3
special relativity	relativistic heat conduction	3
special relativity	relativistic disk	3
special relativity	thomas precession	3
special relativity	born rigidity	3
special relativity	born coordinates	3
special relativity	derivations of the lorentz transformations	3
special relativity	minkowski space	3
special relativity	four-vector	3
special relativity	world line	3
special relativity	light cone	3
special relativity	lorentz group	3
special relativity	poincaré group	3
special relativity	geometry	3
special relativity	tensors	3
special relativity	split-complex number	3
special relativity	algebra of physical space	3
special relativity	actualism	3
special relativity	conventionalism	3
special relativity	formalism (mathematics)	3
special relativity	twin paradox	3
special relativity	ehrenfest paradox	3
special relativity	ladder paradox	3
special relativity	bell's spaceship paradox	3
special relativity	mocanu's velocity composition paradox	3
special relativity	lighthouse paradox	3
nobel prize in physics	fundamental physics prize	3
nobel prize in physics	sakurai prize	3
nobel prize in physics	wolf prize in physics	3
timeline of fundamental physics discoveries	physics	3
history of optics	timeline of electromagnetism and classical optics	3
history of optics	history of electromagnetism	3
history of optics	history of physics	3
history of electromagnetism	electromagnetic spectrum	3
history of electromagnetism	history of electrical engineering	3
history of electromagnetism	history of maxwell's equations	3
history of electromagnetism	history of radio	3
history of electromagnetism	history of optics	3
history of electromagnetism	history of physics	3
history of electromagnetism	biot–savart law	3
history of electromagnetism	ponderomotive force	3
history of electromagnetism	telluric current	3
history of electromagnetism	terrestrial magnetism	3
history of electromagnetism	ampere hour	3
history of electromagnetism	transverse wave	3
history of electromagnetism	longitudinal wave	3
history of electromagnetism	plane wave	3
history of electromagnetism	refractive index	3
history of electromagnetism	torque	3
history of electromagnetism	revolutions per minute	3
history of electromagnetism	photosphere	3
history of electromagnetism	vortex	3
history of electromagnetism	vortex ring	3
history of electromagnetism	permittivity	3
history of electromagnetism	scalar product	3
history of electromagnetism	vector product	3
history of electromagnetism	tensor	3
history of electromagnetism	divergent series	3
history of electromagnetism	linear operator	3
history of electromagnetism	unit vector	3
history of electromagnetism	parallelepiped	3
history of electromagnetism	osculating plane	3
history of electromagnetism	standard candle	3
history of electromagnetism	solenoid	3
history of electromagnetism	electro-magnet	3
history of electromagnetism	nicol prism	3
history of electromagnetism	rheostat	3
history of electromagnetism	voltmeter	3
history of electromagnetism	gutta-percha	3
history of electromagnetism	wire	3
history of electromagnetism	electrical conductor	3
history of electromagnetism	ammeter	3
history of electromagnetism	gramme machine	3
history of electromagnetism	binding post	3
history of electromagnetism	induction motor	3
history of electromagnetism	lightning arrester	3
history of electromagnetism	technological and industrial history of the united states	3
history of electromagnetism	western electric company	3
history of electromagnetism	timeline of electromagnetism	3
history of electromagnetism	timeline of luminiferous aether	3
history of electrical engineering	history of electronic engineering	3
history of electrical engineering	history of electromagnetic theory	3
history of electrical engineering	history of radio	3
birdwatching	bird feeding	3
birdwatching	bird hide	3
birdwatching	bird migration	3
birdwatching	black birders week	3
birdwatching	birding while black	3
birdwatching	butterfly watching	3
birdwatching	important bird area	3
birdwatching	planespotting	3
birdwatching	american birding association	3
birdwatching	cornell lab of ornithology	3
birdwatching	national audubon society	3
birdwatching	royal society for the protection of birds	3
birdwatching	world series of birding	3
birdwatching	birdlife australia	3
earth science	american geosciences institute	2
earth science	earth sciences graphics software	2
earth science	environmental geoscience	2
earth science	geo-leo	2
earth science	glossary of geology terms	2
earth science	making north america (film)	2
earth science	nanogeoscience	2
earth science	national association of geoscience teachers	2
earth science	science tourism	2
earth science	structure of the earth	2
structure of the earth	geological history of earth	3
structure of the earth	lehmann discontinuity	3
structure of the earth	rain-out model	3
structure of the earth	travel to the earth's center	3
structure of the earth	solid earth	3
making north america (film)	abiogenesis	3
making north america (film)	continental drift	3
making north america (film)	earth science	3
making north america (film)	evolution	3
glossary of geology terms	glossary of geography terms	3
quantum mechanics	bra–ket notation	2
quantum mechanics	einstein's thought experiments	2
quantum mechanics	macroscopic quantum phenomena	2
quantum mechanics	phase-space formulation	2
quantum mechanics	regularization (physics)	2
quantum mechanics	two-state quantum system	2
galilean invariance	absolute time and space	3
galilean invariance	faster-than-light	3
galilean invariance	galilean covariance	3
galilean invariance	superluminal motion	3
doubly special relativity	scale relativity	3
doubly special relativity	planck units	3
doubly special relativity	planck epoch	3
doubly special relativity	fock–lorentz symmetry	3
geo-leo	:de:vascoda	3
geo-leo	open access (publishing)	3
geo-leo	preprint	3
geo-leo	postprint	3
geo-leo	open archives initiative	3
geo-leo	academic publishing	3
environmental geoscience	anthropocene	3
environmental geoscience	economic geology	3
environmental geoscience	environmental soil science	3
environmental geoscience	integrated geography	3
environmental geoscience	soil contamination	3
environmental geoscience	water pollution	3
two-state quantum system	rabi cycle	3
two-state quantum system	doublet (physics)	3
two-state quantum system	nuclear magnetic resonance	3
two-state quantum system	quantum optics	3
relationship between mathematics and physics	pure mathematics	2
relationship between mathematics and physics	applied mathematics	2
relationship between mathematics and physics	theoretical physics	2
relationship between mathematics and physics	mathematical physics	2
relationship between mathematics and physics	non-euclidean geometry	2
relationship between mathematics and physics	fourier series	2
relationship between mathematics and physics	conic section	2
relationship between mathematics and physics	kepler's laws of planetary motion	2
relationship between mathematics and physics	saving the phenomena	2
relationship between mathematics and physics	positron	2
relationship between mathematics and physics	the unreasonable effectiveness of mathematics in the natural sciences	2
relationship between mathematics and physics	mathematical universe hypothesis	2
relationship between mathematics and physics	zeno's paradoxes	2
relationship between mathematics and physics	axiomatic system	2
relationship between mathematics and physics	mathematical model	2
relationship between mathematics and physics	hilbert's sixth problem	2
relationship between mathematics and physics	empiricism	2
relationship between mathematics and physics	logicism	2
relationship between mathematics and physics	formalism (mathematics)	2
relationship between mathematics and physics	mathematics of general relativity	2
relationship between mathematics and physics	nicolas bourbaki	2
relationship between mathematics and physics	experimental mathematics	2
relationship between mathematics and physics	history of maxwell's equations	2
relationship between mathematics and physics	philosophy of mathematics	2
relationship between mathematics and physics	history of astronomy	2
relationship between mathematics and physics	why johnny can't add	2
lists of physics equations	operator (physics)	2
lists of physics equations	laws of science	2
laws of science	empirical method	3
laws of science	empirical research	3
laws of science	empirical statistical laws	3
laws of science	hypothesis	3
laws of science	law (principle)	3
laws of science	philosophy of science	3
laws of science	physical constant	3
laws of science	scientific laws named after people	3
laws of science	theory	3
operator (physics)	bounded linear operator	3
operator (physics)	representation theory	3
history of astronomy	age of the universe	3
history of astronomy	anthropic principle	3
history of astronomy	archaeoastronomy	3
history of astronomy	big bang	3
history of astronomy	cosmology	3
history of astronomy	expansion of the universe	3
history of astronomy	hebrew astronomy	3
history of astronomy	history of astrology	3
history of astronomy	history of mars observation	3
history of astronomy	history of supernova observation	3
history of astronomy	history of the telescope	3
history of astronomy	letters on sunspots	3
history of astronomy	patronage in astronomy	3
history of astronomy	physical cosmology	3
history of astronomy	timeline of astronomy	3
philosophy of mathematics	definitions of mathematics	3
philosophy of mathematics	formal language	3
philosophy of mathematics	foundations of mathematics	3
philosophy of mathematics	golden ratio	3
philosophy of mathematics	model theory	3
philosophy of mathematics	non-standard analysis	3
philosophy of mathematics	philosophy of language	3
philosophy of mathematics	philosophy of logic	3
philosophy of mathematics	philosophy of science	3
philosophy of mathematics	philosophy of physics	3
philosophy of mathematics	philosophy of probability	3
philosophy of mathematics	rule of inference	3
philosophy of mathematics	science studies	3
philosophy of mathematics	scientific method	3
philosophy of mathematics	the analyst	3
philosophy of mathematics	euclid's elements	3
philosophy of mathematics	on formally undecidable propositions of principia mathematica and related systems	3
philosophy of mathematics	on computable numbers, with an application to the entscheidungsproblem	3
philosophy of mathematics	introduction to mathematical philosophy	3
philosophy of mathematics	new foundations	3
philosophy of mathematics	principia mathematica	3
philosophy of mathematics	charles sanders peirce bibliography	3
philosophy of mathematics	history and philosophy of science	3
philosophy of mathematics	history of mathematics	3
philosophy of mathematics	history of philosophy	3
history of maxwell's equations	classical electromagnetism and special relativity	3
history of maxwell's equations	history of electromagnetic theory	3
history of maxwell's equations	the maxwellians	3
experimental mathematics	borwein integral	3
experimental mathematics	computer-aided proof	3
experimental mathematics	proofs and refutations	3
experimental mathematics	experimental mathematics (journal)	3
experimental mathematics	institute for experimental mathematics	3
nicolas bourbaki	bourbaki–witt theorem	3
nicolas bourbaki	jacobson–bourbaki theorem	3
nicolas bourbaki	arthur besse	3
nicolas bourbaki	blanche descartes	3
nicolas bourbaki	john rainwater	3
nicolas bourbaki	g. w. peck	3
formalism (mathematics)	qed project	3
formalism (mathematics)	formal logical systems	3
formalism (mathematics)	formalized mathematics	3
macroscopic quantum phenomena	quantum turbulence	3
macroscopic quantum phenomena	schrödinger's cat	3
macroscopic quantum phenomena	second sound	3
macroscopic quantum phenomena	flux quantization	3
macroscopic quantum phenomena	domain wall (magnetism)	3
macroscopic quantum phenomena	flux pinning	3
macroscopic quantum phenomena	ginzburg–landau theory	3
macroscopic quantum phenomena	husimi q representation	3
macroscopic quantum phenomena	magnetic flux quantum	3
macroscopic quantum phenomena	n-slit interferometric equation	3
macroscopic quantum phenomena	quantum vortex	3
macroscopic quantum phenomena	topological defect	3
macroscopic quantum phenomena	superconductivity	3
macroscopic quantum phenomena	type-i superconductor	3
macroscopic quantum phenomena	type-ii superconductor	3
macroscopic quantum phenomena	meissner effect	3
macroscopic quantum phenomena	squid	3
macroscopic quantum phenomena	josephson effect	3
macroscopic quantum phenomena	charge density wave	3
macroscopic quantum phenomena	chiral magnetic effect	3
hilbert's sixth problem	wightman axioms	3
hilbert's sixth problem	constructive quantum field theory	3
mathematical model	agent-based model	3
mathematical model	all models are wrong	3
mathematical model	cliodynamics	3
mathematical model	computer simulation	3
mathematical model	conceptual model	3
mathematical model	decision engineering	3
mathematical model	grey box model	3
mathematical model	international mathematical modeling challenge	3
mathematical model	mathematical biology	3
mathematical model	mathematical diagram	3
mathematical model	mathematical economics	3
mathematical model	mathematical modelling of infectious disease	3
mathematical model	mathematical finance	3
mathematical model	mathematical psychology	3
mathematical model	mathematical sociology	3
mathematical model	microscale and macroscale models	3
mathematical model	model inversion	3
mathematical model	scientific model	3
mathematical model	sensitivity analysis	3
mathematical model	statistical model	3
mathematical model	system identification	3
mathematical model	tk solver	3
axiomatic system	axiom schema	3
axiomatic system	formalism (philosophy of mathematics)	3
axiomatic system	gödel's incompleteness theorem	3
axiomatic system	hilbert-style deduction system	3
axiomatic system	logicism	3
axiomatic system	zermelo–fraenkel set theory	3
bra–ket notation	angular momentum diagrams (quantum mechanics)	3
bra–ket notation	n-slit interferometric equation	3
bra–ket notation	quantum state	3
bra–ket notation	inner product	3
zeno's paradoxes	incommensurable magnitudes	3
zeno's paradoxes	infinite regress	3
zeno's paradoxes	philosophy of space and time	3
zeno's paradoxes	renormalization	3
zeno's paradoxes	ross–littlewood paradox	3
zeno's paradoxes	school of names	3
zeno's paradoxes	supertask	3
zeno's paradoxes	what the tortoise said to achilles	3
zeno's paradoxes	lewis carroll	3
zeno's paradoxes	zeno machine	3
mathematical universe hypothesis	abstract object theory	3
mathematical universe hypothesis	anthropic principle	3
mathematical universe hypothesis	church–turing thesis	3
mathematical universe hypothesis	digital physics	3
mathematical universe hypothesis	pancomputationalism	3
mathematical universe hypothesis	impossible world	3
mathematical universe hypothesis	mathematicism	3
mathematical universe hypothesis	modal realism	3
mathematical universe hypothesis	ontology	3
mathematical universe hypothesis	permutation city	3
mathematical universe hypothesis	russell k. standish	3
mathematical universe hypothesis	structuralism (philosophy of science)	3
mathematical universe hypothesis	the unreasonable effectiveness of mathematics in the natural sciences	3
the unreasonable effectiveness of mathematics in the natural sciences	cosmology	3
the unreasonable effectiveness of mathematics in the natural sciences	foundations of mathematics	3
the unreasonable effectiveness of mathematics in the natural sciences	mark steiner	3
the unreasonable effectiveness of mathematics in the natural sciences	mathematical universe hypothesis	3
the unreasonable effectiveness of mathematics in the natural sciences	philosophy of science	3
the unreasonable effectiveness of mathematics in the natural sciences	quasi-empiricism in mathematics	3
the unreasonable effectiveness of mathematics in the natural sciences	relationship between mathematics and physics	3
the unreasonable effectiveness of mathematics in the natural sciences	scientific structuralism	3
the unreasonable effectiveness of mathematics in the natural sciences	unreasonable ineffectiveness of mathematics	3
the unreasonable effectiveness of mathematics in the natural sciences	where mathematics comes from	3
positron	beta particle	3
positron	buffer-gas trap for positrons	3
positron	positronium	3
positron	positronic brain	3
saving the phenomena	andreas osiander	3
saving the phenomena	scientific community metaphor	3
kepler's laws of planetary motion	circular motion	3
kepler's laws of planetary motion	free-fall time	3
kepler's laws of planetary motion	gravity	3
kepler's laws of planetary motion	kepler orbit	3
kepler's laws of planetary motion	kepler problem	3
kepler's laws of planetary motion	kepler's equation	3
kepler's laws of planetary motion	laplace–runge–lenz vector	3
kepler's laws of planetary motion	specific relative angular momentum	3
conic section	circumconic and inconic	3
conic section	conic sections rebellion	3
conic section	director circle	3
conic section	elliptic coordinate system	3
conic section	equidistant set	3
conic section	nine-point conic	3
conic section	parabolic coordinates	3
conic section	quadratic function	3
conic section	spherical conic	3
fourier series	ats theorem	3
fourier series	dirichlet kernel	3
fourier series	discrete fourier transform	3
fourier series	fast fourier transform	3
fourier series	fejér's theorem	3
fourier series	fourier analysis	3
fourier series	fourier sine and cosine series	3
fourier series	fourier transform	3
fourier series	gibbs phenomenon	3
fourier series	laurent series	3
fourier series	j-invariant	3
fourier series	least-squares spectral analysis	3
fourier series	multidimensional transform	3
fourier series	spectral theory	3
fourier series	sturm–liouville theory	3
fourier series	residue theorem	3
non-euclidean geometry	hyperbolic space	3
non-euclidean geometry	lénárt sphere	3
non-euclidean geometry	projective geometry	3
non-euclidean geometry	non-euclidean surface growth	3
mathematical physics	international association of mathematical physics	3
mathematical physics	gauge theory (mathematics)	3
mathematical physics	relationship between mathematics and physics	3
mathematical physics	theoretical physics	3
mathematical physics	computational physics	3
mathematical physics	philosophy of physics	3
theoretical physics	philosophy of physics	3
theoretical physics	symmetry in quantum mechanics	3
theoretical physics	timeline of developments in theoretical physics	3
applied mathematics	engineering mathematics	3
applied mathematics	society for industrial and applied mathematics	3
pure mathematics	applied mathematics	3
pure mathematics	logic	3
pure mathematics	metalogic	3
pure mathematics	metamathematics	3
